Parent Code, Code,Meaning,Sort Order,List Name,Parent List Name
,GB,UNITED KINGDOM,0,COUNTRY,
,AF,AFGHANISTAN,1,COUNTRY,
,AX,ALAND ISLANDS,2,COUNTRY,
,AL,ALBANIA,3,COUNTRY,
,DZ,ALGERIA,4,COUNTRY,
,AS,AMERICAN SAMOA,5,COUNTRY,
,AD,ANDORRA,6,COUNTRY,
,AO,ANGOLA,7,COUNTRY,
,AI,ANGUILLA,8,COUNTRY,
,AQ,ANTARCTICA,9,COUNTRY,
,AG,ANTIGUA AND BARBUDA,10,COUNTRY,
,AR,ARGENTINA,11,COUNTRY,
,AM,ARMENIA,12,COUNTRY,
,AW,ARUBA,13,COUNTRY,
,AU,AUSTRALIA,14,COUNTRY,
,AT,AUSTRIA,15,COUNTRY,
,AZ,AZERBAIJAN,16,COUNTRY,
,BS,BAHAMAS,17,COUNTRY,
,BH,BAHRAIN,18,COUNTRY,
,BD,BANGLADESH,19,COUNTRY,
,BB,BARBADOS,20,COUNTRY,
,BY,BELARUS,21,COUNTRY,
,BE,BELGIUM,22,COUNTRY,
,BZ,BELIZE,23,COUNTRY,
,BJ,BENIN,24,COUNTRY,
,BM,BERMUDA,25,COUNTRY,
,BT,BHUTAN,26,COUNTRY,
,BO,BOLIVIA,27,COUNTRY,
,BA,BOSNIA AND HERZEGOVINA,28,COUNTRY,
,BW,BOTSWANA,29,COUNTRY,
,BV,BOUVET ISLAND,30,COUNTRY,
,BR,BRAZIL,31,COUNTRY,
,IO,BRITISH INDIAN OCEAN TERRITORY,32,COUNTRY,
,BN,BRUNEI DARUSSALAM,33,COUNTRY,
,BG,BULGARIA,34,COUNTRY,
,BF,BURKINA FASO,35,COUNTRY,
,BI,BURUNDI,36,COUNTRY,
,KH,CAMBODIA,37,COUNTRY,
,CM,CAMEROON,38,COUNTRY,
,CA,CANADA,39,COUNTRY,
,CV,CAPE VERDE,40,COUNTRY,
,KY,CAYMAN ISLANDS,41,COUNTRY,
,CF,CENTRAL AFRICAN REPUBLIC,42,COUNTRY,
,TD,CHAD,43,COUNTRY,
,CL,CHILE,44,COUNTRY,
,CN,CHINA,45,COUNTRY,
,CX,CHRISTMAS ISLAND,46,COUNTRY,
,CC,COCOS (KEELING) ISLANDS,47,COUNTRY,
,CO,COLOMBIA,48,COUNTRY,
,KM,COMOROS,49,COUNTRY,
,CD,CONGO,50,COUNTRY,
,CG,CONGO,51,COUNTRY,
,CK,COOK ISLANDS,52,COUNTRY,
,CR,COSTA RICA,53,COUNTRY,
,CI,COTE D'IVOIRE,54,COUNTRY,
,HR,CROATIA,55,COUNTRY,
,CU,CUBA,56,COUNTRY,
,CY,CYPRUS,57,COUNTRY,
,CZ,CZECH REPUBLIC,58,COUNTRY,
,DK,DENMARK,59,COUNTRY,
,DJ,DJIBOUTI,60,COUNTRY,
,DM,DOMINICA,61,COUNTRY,
,DO,DOMINICAN REPUBLIC,62,COUNTRY,
,EC,ECUADOR,63,COUNTRY,
,EG,EGYPT,64,COUNTRY,
,SV,EL SALVADOR,65,COUNTRY,
,GQ,EQUATORIAL GUINEA,66,COUNTRY,
,ER,ERITREA,67,COUNTRY,
,EE,ESTONIA,68,COUNTRY,
,ET,ETHIOPIA,69,COUNTRY,
,FK,FALKLAND ISLANDS (MALVINAS),70,COUNTRY,
,FO,FAROE ISLANDS,71,COUNTRY,
,FJ,FIJI,72,COUNTRY,
,FI,FINLAND,73,COUNTRY,
,FR,FRANCE,74,COUNTRY,
,GF,FRENCH GUIANA,75,COUNTRY,
,PF,FRENCH POLYNESIA,76,COUNTRY,
,TF,FRENCH SOUTHERN TERRITORIES,77,COUNTRY,
,GA,GABON,78,COUNTRY,
,GM,GAMBIA,79,COUNTRY,
,GE,GEORGIA,80,COUNTRY,
,DE,GERMANY,81,COUNTRY,
,GH,GHANA,82,COUNTRY,
,GI,GIBRALTAR,83,COUNTRY,
,GR,GREECE,84,COUNTRY,
,GL,GREENLAND,85,COUNTRY,
,GD,GRENADA,86,COUNTRY,
,GP,GUADELOUPE,87,COUNTRY,
,GU,GUAM,88,COUNTRY,
,GT,GUATEMALA,89,COUNTRY,
,GG,GUERNSEY,90,COUNTRY,
,GN,GUINEA,91,COUNTRY,
,GW,GUINEA-BISSAU,92,COUNTRY,
,GY,GUYANA,93,COUNTRY,
,HT,HAITI,94,COUNTRY,
,HM,HEARD ISLAND AND MCDONALD ISLANDS,95,COUNTRY,
,VA,HOLY SEE (VATICAN CITY STATE),96,COUNTRY,
,HN,HONDURAS,97,COUNTRY,
,HK,HONG KONG,98,COUNTRY,
,HU,HUNGARY,99,COUNTRY,
,IS,ICELAND,100,COUNTRY,
,IN,INDIA,101,COUNTRY,
,ID,INDONESIA,102,COUNTRY,
,IR,IRAN,103,COUNTRY,
,IQ,IRAQ,104,COUNTRY,
,IE,IRELAND,105,COUNTRY,
,IM,ISLE OF MAN,106,COUNTRY,
,IL,ISRAEL,107,COUNTRY,
,IT,ITALY,108,COUNTRY,
,JM,JAMAICA,109,COUNTRY,
,JP,JAPAN,110,COUNTRY,
,JE,JERSEY,111,COUNTRY,
,JO,JORDAN,112,COUNTRY,
,KZ,KAZAKHSTAN,113,COUNTRY,
,KE,KENYA,114,COUNTRY,
,KI,KIRIBATI,115,COUNTRY,
,KP,KOREA,116,COUNTRY,
,KR,KOREA,117,COUNTRY,
,KW,KUWAIT,118,COUNTRY,
,KG,KYRGYZSTAN,119,COUNTRY,
,LA,LAO PEOPLE'S DEMOCRATIC REPUBLIC,120,COUNTRY,
,LV,LATVIA,121,COUNTRY,
,LB,LEBANON,122,COUNTRY,
,LS,LESOTHO,123,COUNTRY,
,LR,LIBERIA,124,COUNTRY,
,LY,LIBYAN ARAB JAMAHIRIYA,125,COUNTRY,
,LI,LIECHTENSTEIN,126,COUNTRY,
,LT,LITHUANIA,127,COUNTRY,
,LU,LUXEMBOURG,128,COUNTRY,
,MO,MACAO,129,COUNTRY,
,MK,MACEDONIA,130,COUNTRY,
,MG,MADAGASCAR,131,COUNTRY,
,MW,MALAWI,132,COUNTRY,
,MY,MALAYSIA,133,COUNTRY,
,MV,MALDIVES,134,COUNTRY,
,ML,MALI,135,COUNTRY,
,MT,MALTA,136,COUNTRY,
,MH,MARSHALL ISLANDS,137,COUNTRY,
,MQ,MARTINIQUE,138,COUNTRY,
,MR,MAURITANIA,139,COUNTRY,
,MU,MAURITIUS,140,COUNTRY,
,YT,MAYOTTE,141,COUNTRY,
,MX,MEXICO,142,COUNTRY,
,FM,MICRONESIA,143,COUNTRY,
,MD,MOLDOVA,144,COUNTRY,
,MC,MONACO,145,COUNTRY,
,MN,MONGOLIA,146,COUNTRY,
,ME,MONTENEGRO,147,COUNTRY,
,MS,MONTSERRAT,148,COUNTRY,
,MA,MOROCCO,149,COUNTRY,
,MZ,MOZAMBIQUE,150,COUNTRY,
,MM,MYANMAR,151,COUNTRY,
,NA,NAMIBIA,152,COUNTRY,
,NR,NAURU,153,COUNTRY,
,NP,NEPAL,154,COUNTRY,
,NL,NETHERLANDS,155,COUNTRY,
,AN,NETHERLANDS ANTILLES,156,COUNTRY,
,NC,NEW CALEDONIA,157,COUNTRY,
,NZ,NEW ZEALAND,158,COUNTRY,
,NI,NICARAGUA,159,COUNTRY,
,NE,NIGER,160,COUNTRY,
,NG,NIGERIA,161,COUNTRY,
,NU,NIUE,162,COUNTRY,
,NF,NORFOLK ISLAND,163,COUNTRY,
,MP,NORTHERN MARIANA ISLANDS,164,COUNTRY,
,NO,NORWAY,165,COUNTRY,
,OM,OMAN,166,COUNTRY,
,PK,PAKISTAN,167,COUNTRY,
,PW,PALAU,168,COUNTRY,
,PS,PALESTINIAN TERRITORY,169,COUNTRY,
,PA,PANAMA,170,COUNTRY,
,PG,PAPUA NEW GUINEA,171,COUNTRY,
,PY,PARAGUAY,172,COUNTRY,
,PE,PERU,173,COUNTRY,
,PH,PHILIPPINES,174,COUNTRY,
,PN,PITCAIRN,175,COUNTRY,
,PL,POLAND,176,COUNTRY,
,PT,PORTUGAL,177,COUNTRY,
,PR,PUERTO RICO,178,COUNTRY,
,QA,QATAR,179,COUNTRY,
,RE,REUNION,180,COUNTRY,
,RO,ROMANIA,181,COUNTRY,
,RU,RUSSIAN FEDERATION,182,COUNTRY,
,RW,RWANDA,183,COUNTRY,
,BL,SAINT BARTHELEMY,184,COUNTRY,
,SH,SAINT HELENA,185,COUNTRY,
,KN,SAINT KITTS AND NEVIS,186,COUNTRY,
,LC,SAINT LUCIA,187,COUNTRY,
,MF,SAINT MARTIN,188,COUNTRY,
,PM,SAINT PIERRE AND MIQUELON,189,COUNTRY,
,VC,SAINT VINCENT AND THE GRENADINES,190,COUNTRY,
,WS,SAMOA,191,COUNTRY,
,SM,SAN MARINO,192,COUNTRY,
,ST,SAO TOME AND PRINCIPE,193,COUNTRY,
,SA,SAUDI ARABIA,194,COUNTRY,
,SN,SENEGAL,195,COUNTRY,
,RS,SERBIA,196,COUNTRY,
,SC,SEYCHELLES,197,COUNTRY,
,SL,SIERRA LEONE,198,COUNTRY,
,SG,SINGAPORE,199,COUNTRY,
,SK,SLOVAKIA,200,COUNTRY,
,SI,SLOVENIA,201,COUNTRY,
,SB,SOLOMON ISLANDS,202,COUNTRY,
,SO,SOMALIA,203,COUNTRY,
,ZA,SOUTH AFRICA,204,COUNTRY,
,GS,SOUTH GEORGIA + SOUTH SANDWICH ISLANDS,205,COUNTRY,
,ES,SPAIN,206,COUNTRY,
,LK,SRI LANKA,207,COUNTRY,
,SD,SUDAN,208,COUNTRY,
,SR,SURINAME,209,COUNTRY,
,SJ,SVALBARD AND JAN MAYEN,210,COUNTRY,
,SZ,SWAZILAND,211,COUNTRY,
,SE,SWEDEN,212,COUNTRY,
,CH,SWITZERLAND,213,COUNTRY,
,SY,SYRIAN ARAB REPUBLIC,214,COUNTRY,
,TW,TAIWAN,215,COUNTRY,
,TJ,TAJIKISTAN,216,COUNTRY,
,TZ,TANZANIA,217,COUNTRY,
,TH,THAILAND,218,COUNTRY,
,TL,TIMOR-LESTE,219,COUNTRY,
,TG,TOGO,220,COUNTRY,
,TK,TOKELAU,221,COUNTRY,
,TO,TONGA,222,COUNTRY,
,TT,TRINIDAD AND TOBAGO,223,COUNTRY,
,TN,TUNISIA,224,COUNTRY,
,TR,TURKEY,225,COUNTRY,
,TM,TURKMENISTAN,226,COUNTRY,
,TC,TURKS AND CAICOS ISLANDS,227,COUNTRY,
,TV,TUVALU,228,COUNTRY,
,UG,UGANDA,229,COUNTRY,
,UA,UKRAINE,230,COUNTRY,
,AE,UNITED ARAB EMIRATES,231,COUNTRY,
,US,UNITED STATES,232,COUNTRY,
,UM,UNITED STATES MINOR OUTLYING ISLANDS,233,COUNTRY,
,UY,URUGUAY,234,COUNTRY,
,UZ,UZBEKISTAN,235,COUNTRY,
,VU,VANUATU,236,COUNTRY,
,VE,VENEZUELA,237,COUNTRY,
,VN,VIET NAM,238,COUNTRY,
,VG,VIRGIN ISLANDS,239,COUNTRY,
,VI,VIRGIN ISLANDS,240,COUNTRY,
,WF,WALLIS AND FUTUNA,241,COUNTRY,
,EH,WESTERN SAHARA,242,COUNTRY,
,YE,YEMEN,243,COUNTRY,
,ZM,ZAMBIA,244,COUNTRY,
,ZW,ZIMBABWE,245,COUNTRY,
